@_author: lorezyra
@_date: 2018-10-20 16:20:01
How do you know the 1st word has 8 characters?
@_date: 2018-10-21 03:32:08
Thought process thus far... (Can't seem to upload a screenshot from Excel. So, this is a table dump.)
CipherIndex	Grp		DEC2HEX	DEC2Alpha	Year	Month	Day	Weekday(1-based index)	YYYY/MM/DD	Day+1	ChineseZodiac	WesternZodiac	Date-Sum\_Y+Y+M+M+D+D	 DEC2Alpha	DEC(-	YYMM	MMDD	MMDDYY	MOD26(Alpha)
49	13	10	A	j	1986	11	22	7	Saturday, November 22, 1986	Sun	Tiger	Sagittarius	20	t	j	8611	1122	112286	x
50	13	02	2	b	1992	12	31	5	Thursday, December 31, 1992	Fri	Monkey	Capricorn	18	r	p	9212	1231	123192	
51	13	08	8	h	2015	12	03	5	Thursday, December 3, 2015	Fri	Goat	Sagittarius	12	l	d	1512	1203	120315	
52	13	06	6	f	1989	08	08	3	Tuesday, August 8, 1989	Wed	Snake	Leo	33			8908	0808	080889	p
53	14	02	2	b	2012	06	19	3	Tuesday, June 19, 2012	Wed	Dragon	Gemini	19	s	q	1206	0619	061912	x
54	14	04	4	d	2003	04	14	2	Monday, April 14, 2003	Tue	Goat	Aries	12	l	h	0304	0414	041403	v
55	14	02	2	b	1981	08	17	2	Monday, August 17, 1981	Tue	Rooster	Leo	25	y	w	8108	0817	081781	l
56	14	08	8	h	1939	04	05	4	Wednesday, April 5, 1939	Thu	Rabbit	Aries	21	u	m	3904	0405	040539	h
57	15	08	8	h	1944	03	02	5	Thursday, March 2, 1944	Fri	Monkey	Pisces	13	m	e	4403	0302	030244	
58	15	07	7	g	1935	09	13	6	Friday, September 13, 1935	Sat	Pig	Virgo	21	u	n	3509	0913	091335	t
59	15	12	C	l	1948	01	06	3	Tuesday, January 6, 1948	Wed	Rat	Capricorn	19	s	g	4801	0106	010648	l
60	15	04	4	d	1931	08	11	3	Tuesday, August 11, 1931	Wed	Goat	Leo	14	n	j	3108	0811	081131	h
61	16	12	C	l	1968	05	12	1	Sunday, May 12, 1968	Mon	Monkey	Taurus	22	v	j	6805	0512	051268	p
62	16	11	B	k	1973	04	03	3	Tuesday, April 3, 1973	Wed	Ox	Aries	17	q	f	7304	0403	040373	g
63	16	02	2	b	1950	12	09	7	Saturday, December 9, 1950	Sun	Tiger	Sagittarius	17	q	o	5012	1209	120950	f
64	16	02	2	b	2007	07	26	5	Thursday, July 26, 2007	Fri	Pig	Leo	22	v	t	0707	0726	072607	f
65	17	03	3	c	1988	05	20	6	Friday, May 20, 1988	Sat	Dragon	Taurus	23	w	t	8805	0520	052088	y
66	17	07	7	g	1984	01	05	5	Thursday, January 5, 1984	Fri	Rat	Capricorn	18	r	k	8401	0105	010584	p
67	17	01	1	a	1990	04	29	1	Sunday, April 29, 1990	Mon	Horse	Taurus	24	x	w	9004	0429	042990	x
@_date: 2018-10-20 14:52:33
Not that I'm aware of... I am only providing a suggestion for the \*next\* puzzle.
@_date: 2018-10-21 03:22:01
Thought process thus far... (Can't seem to upload a screenshot from Excel. So, this is a table dump.)
CipherIndex	Grp		DEC2HEX	DEC2Alpha	Year	Month	Day	Weekday(1-based index)	YYYY/MM/DD	Day+1	ChineseZodiac	WesternZodiac	Date-Sum\_Y+Y+M+M+D+D	 DEC2Alpha	DEC(-	YYMM	MMDD	MMDDYY	MOD26(Alpha)
1	1	05	5	e	1991	09	19	5	Thursday, September 19, 1991	Fri	Goat	Virgo	29		x	9109	0919	091991	h
2	1	08	8	h	1988	09	25	1	Sunday, September 25, 1988	Mon	Dragon	Libra	32		x	8809	0925	092588	p
3	1	06	6	f	2002	12	28	7	Saturday, December 28, 2002	Sun	Horse	Capricorn	15	o	i	0212	1228	122802	b
4	1	12	C	l	1982	05	12	4	Wednesday, May 12, 1982	Thu	Dog	Taurus	18	r	f	8205	0512	051282	l
5	2	02	2	b	2015	01	06	3	Tuesday, January 6, 2015	Wed	Goat	Capricorn	13	m	k	1501	0106	010615	n
6	2	01	1	a	1993	04	25	1	Sunday, April 25, 1993	Mon	Rooster	Taurus	23	w	v	9304	0425	042593	x
7	2	01	1	a	2002	08	14	4	Wednesday, August 14, 2002	Thu	Horse	Leo	15	o	n	0208	0814	081402	p
8	2	12	C	l	2013	04	29	2	Monday, April 29, 2013	Tue	Snake	Taurus	19	s	g	1304	0429	042913	l
9	3	05	5	e	2001	04	07	7	Saturday, April 7, 2001	Sun	Snake	Aries	12	l	g	0104	0407	040701	b
10	3	02	2	b	2010	12	04	7	Saturday, December 4, 2010	Sun	Tiger	Sagittarius	8	h	f	1012	1204	120410	p
11	3	08	8	h	2009	10	05	2	Monday, October 5, 2009	Tue	Ox	Libra	15	o	g	0910	1005	100509	r
12	3	01	1	a	1985	10	24	5	Thursday, October 24, 1985	Fri	Ox	Scorpio	20	t	s	8510	1024	102485	n
13	4	01	1	a	1967	01	21	7	Saturday, January 21, 1967	Sun	Goat	Aquarius	17	q	p	6701	0121	012167	a
14	4	04	4	d	1961	11	02	5	Thursday, November 2, 1961	Fri	Ox	Scorpio	11	k	g	6111	1102	110261	x
15	4	11	B	k	2003	06	20	6	Friday, June 20, 2003	Sat	Goat	Gemini	11	k		0306	0620	062003	x
16	4	02	2	b	2012	06	22	6	Friday, June 22, 2012	Sat	Dragon	Cancer	13	m	k	1206	0622	062212	d
17	5	06	6	f	2004	08	07	7	Saturday, August 7, 2004	Sun	Monkey	Leo	19	s	m	0408	0807	080704	t
18	5	07	7	g	1981	08	17	2	Monday, August 17, 1981	Tue	Rooster	Leo	25	y	r	8108	0817	081781	c
19	5	13	D	m	2006	07	23	1	Sunday, July 23, 2006	Mon	Dog	Leo	18	r	e	0607	0723	072306	m
20	5	07	7	g	2017	11	06	2	Monday, November 6, 2017	Tue	Rooster	Scorpio	16	p	i	1711	1106	110617	a
21	6	12	C	l	1948	01	06	3	Tuesday, January 6, 1948	Wed	Rat	Capricorn	19	s	g	4801	0106	010648	l
22	6	02	2	b	2005	12	13	3	Tuesday, December 13, 2005	Wed	Rooster	Sagittarius	12	l	j	0512	1213	121305	v
23	6	04	4	d	1971	05	09	1	Sunday, May 9, 1971	Mon	Pig	Taurus	22	v	r	7105	0509	050971	n
24	6	03	3	c	1995	04	20	5	Thursday, April 20, 1995	Fri	Pig	Taurus	20	t	q	9504	0420	042095	k
25	7	01	1	a	2015	01	06	3	Tuesday, January 6, 2015	Wed	Goat	Capricorn	13	m	l	1501	0106	010615	t
26	7	09	9	i	2012	06	19	3	Tuesday, June 19, 2012	Wed	Dragon	Gemini	19	s	j	1206	0619	061912	q
27	7	03	3	c	1997	07	06	1	Sunday, July 6, 1997	Mon	Ox	Cancer	29		z	9707	0706	070697	q
28	7	07	7	g	2008	09	30	3	Tuesday, September 30, 2008	Wed	Rat	Libra	20	t	m	0809	0930	093008	c
29	8	01	1	a	1996	10	04	6	Friday, October 4, 1996	Sat	Rat	Libra	20	t	s	9610	1004	100496	h
30	8	08	8	h	2001	10	28	1	Sunday, October 28, 2001	Mon	Snake	Scorpio	12	l	d	0110	1028	102801	r
31	8	04	4	d	1996	01	07	1	Sunday, January 7, 1996	Mon	Rat	Capricorn	23	w	s	9601	0107	010796	n
32	8	03	3	c	2011	09	10	7	Saturday, September 10, 2011	Sun	Rabbit	Virgo	12	l	i	1109	0910	091011	f
33	9	04	4	d	1950	07	01	7	Saturday, July 1, 1950	Sun	Tiger	Cancer	13	m	i	5007	0701	070150	r
34	9	06	6	f	1987	01	26	2	Monday, January 26, 1987	Tue	Rabbit	Aquarius	24	x	r	8701	0126	012687	d
35	9	09	9	i	1986	03	20	5	Thursday, March 20, 1986	Fri	Tiger	Pisces	19	s	j	8603	0320	032086	s
36	9	05	5	e	1956	01	24	3	Tuesday, January 24, 1956	Wed	Monkey	Aquarius	18	r	m	5601	0124	012456	b
37	10	11	B	k	1958	04	02	4	Wednesday, April 2, 1958	Thu	Dog	Aries	19	s	h	5804	0402	040258	u
38	10	01	1	a	1950	07	01	7	Saturday, July 1, 1950	Sun	Tiger	Cancer	13	m	l	5007	0701	070150	k
39	10	03	3	c	1955	04	03	1	Sunday, April 3, 1955	Mon	Goat	Aries	17	q	n	5504	0403	040355	r
40	10	01	1	a	1944	05	26	6	Friday, May 26, 1944	Sat	Monkey	Gemini	21	u	t	4405	0526	052644	t
41	11	06	6	f	1947	07	01	3	Tuesday, July 1, 1947	Wed	Pig	Cancer	19	s	m	4707	0701	070147	p
42	11	09	9	i	1967	02	27	2	Monday, February 27, 1967	Tue	Goat	Pisces	24	x	o	6702	0227	022767	d
43	11	07	7	g	1951	06	21	5	Thursday, June 21, 1951	Fri	Rabbit	Cancer	15	o	h	5106	0621	062151	n
44	11	12	C	l	1982	05	12	4	Wednesday, May 12, 1982	Thu	Dog	Taurus	18	r	f	8205	0512	051282	l
45	12	04	4	d	1993	04	15	5	Thursday, April 15, 1993	Fri	Rooster	Aries	22	v	r	9304	0415	041593	d
46	12	14	E	n	2002	12	28	7	Saturday, December 28, 2002	Sun	Horse	Capricorn	15	o	a	0212	1228	122802	v
47	12	05	5	e	2005	07	30	7	Saturday, July 30, 2005	Sun	Rooster	Leo	15	o	j	0507	0730	073005	y
48	12	05	5	e	1955	04	03	1	Sunday, April 3, 1955	Mon	Goat	Aries	17	q	l	5504	0403	040355	d
@_date: 2018-10-21 02:47:17
&amp;