
@_date: 2000-12-15 16:12:07
@_author: dave@china.com 
@_subject: Don't miss this $700 Give Away                         752 
The answer is.... Free Satellite TV System, Free Installation and Free Imagine surfing thru 500 channels of News, Weather, Sports, Learning, Family, Movies, and Pay Per View Channels.
AMERICA'S TOP 100 Programming package Includes for just $34.99:
Sports - ESPN, ESPN2, ESPN Classic, ESPN News, Empire, Outdoor Life Network,
Sunshine, Madison Square Garden, Speed Vision, Home Team Sports, TV Games
Fox Sports Channels - Arizona, Bay Area, Chicago, Cincinnati, Detroit, Midwest, Florida,
New England, New York, Ohio, Pittsburgh, Rocky Mountain, North West, West, South West, Midwest Sports, Altenative1, Altenative3
News - CNN, CNN Headline News, All-News Network, Bloomberg, NASA, C-Span,
C-Span 2, Fox News, MSNBC, CNN FN, CNN International, Court TV
Family/Kids - The Cartoon Network, The Disney Channel, The Disney Toon Nickelodeon, Noggin, Pax, PBS You, Angel One, TV Land, Good Samaritan The Fox Family Channel, Trinity Broadcast Network, External Word Television Learning - Discovery Channel, Discovery Health Channel, The Learning History Channel, Food Network, Travel, E!, Animal Planet, America's Voice, Free Speech, Link Media, Tech TV, DELLL, Research
Variety - A&E, BET, ZDTV, Home Shopping, WGN, QVC, TNN, Weather Channel, TNT, USA,
Bravo, Comedy Central, Game Show, FX, Sci-Fi Channel, TV Land, AMC, TCM, LMN, Lifetime,
Romance Classics/Independant Film Channel, BBC, ValueVision
Foreign - Univision, Galavision, HITN
Music - MTV, VH1, MTV 2, Country Music Television
AND Over 30 Music Channels!
Supplies are going FAST!!! So place your order NOW!
A FREE 3 Day 2 Night Vacation for 2 for the first 1,000 NEW subscribers!
Choose from 20 destinations:
Las Vegas, NV -- Laughlin, NV -- Reno, NV -- Lake Tahoe, NV -- Atlantic City, NJ
Honolulu, HI -- Daytona Beach, FL -- Orlando, FL -- Myrtle Beach, SC
Anaheim, CA - (Disneyland Area) -- Palm Springs, CA -- New Orleans, LA
Gatlinburg, TN -- San Antonio, TX -- White Mountain, NH -- Pocono Mountains, Branson, MO -- Puerto Vallarta, MX -- Cancun, MX -- Mazatlan, MX
Don't hesitate or you may miss out on this incredible OFFER!

@_date: 2000-12-15 16:12:07
@_author: dave@china.com 
@_subject: Don't miss this $700 Give Away                         752 
The answer is.... Free Satellite TV System, Free Installation and Free Imagine surfing thru 500 channels of News, Weather, Sports, Learning, Family, Movies, and Pay Per View Channels.
AMERICA'S TOP 100 Programming package Includes for just $34.99:
Sports - ESPN, ESPN2, ESPN Classic, ESPN News, Empire, Outdoor Life Network,
Sunshine, Madison Square Garden, Speed Vision, Home Team Sports, TV Games
Fox Sports Channels - Arizona, Bay Area, Chicago, Cincinnati, Detroit, Midwest, Florida,
New England, New York, Ohio, Pittsburgh, Rocky Mountain, North West, West, South West, Midwest Sports, Altenative1, Altenative3
News - CNN, CNN Headline News, All-News Network, Bloomberg, NASA, C-Span,
C-Span 2, Fox News, MSNBC, CNN FN, CNN International, Court TV
Family/Kids - The Cartoon Network, The Disney Channel, The Disney Toon Nickelodeon, Noggin, Pax, PBS You, Angel One, TV Land, Good Samaritan The Fox Family Channel, Trinity Broadcast Network, External Word Television Learning - Discovery Channel, Discovery Health Channel, The Learning History Channel, Food Network, Travel, E!, Animal Planet, America's Voice, Free Speech, Link Media, Tech TV, DELLL, Research
Variety - A&E, BET, ZDTV, Home Shopping, WGN, QVC, TNN, Weather Channel, TNT, USA,
Bravo, Comedy Central, Game Show, FX, Sci-Fi Channel, TV Land, AMC, TCM, LMN, Lifetime,
Romance Classics/Independant Film Channel, BBC, ValueVision
Foreign - Univision, Galavision, HITN
Music - MTV, VH1, MTV 2, Country Music Television
AND Over 30 Music Channels!
Supplies are going FAST!!! So place your order NOW!
A FREE 3 Day 2 Night Vacation for 2 for the first 1,000 NEW subscribers!
Choose from 20 destinations:
Las Vegas, NV -- Laughlin, NV -- Reno, NV -- Lake Tahoe, NV -- Atlantic City, NJ
Honolulu, HI -- Daytona Beach, FL -- Orlando, FL -- Myrtle Beach, SC
Anaheim, CA - (Disneyland Area) -- Palm Springs, CA -- New Orleans, LA
Gatlinburg, TN -- San Antonio, TX -- White Mountain, NH -- Pocono Mountains, Branson, MO -- Puerto Vallarta, MX -- Cancun, MX -- Mazatlan, MX
Don't hesitate or you may miss out on this incredible OFFER!
